Word,Frequency
000,3
10,7449
100,2067
101,205
102,370
103,129
104,89
109,146
10keyless,1
10th,199
11,2455
111,78
112,80
115,107
118,135
119,46
11th,172
12,3629
120,295
122,54
124,48
126,58
127,46
128,52
129,53
12th,171
13,3524
133,37
134,61
134th,1
137,65
139,45
13th,109
14,2496
140,175
142,67
143,41
144,101
145,264
146,58
1461,6
14th,105
15,3559
150,461
151,53
152,32
155,54
156,37
158,37
15th,119
16,2546
160,125
161,55
163,91
164,63
165,97
166,41
16th,585
17,2214
170,88
174,42
175,96
176,40
177,31
178,59
17th,309
18,2485
185,56
186,21
187,42
189,29
18th,832
19,4146
190,83
191,50
193,22
194,54
195,35
196,41
1994,147
1999,287
19th,93
1st,284
20,4852
200,947
2000,271
2014,2065
2015,621
2016,597
2018,840
2019,5088
2020,1137
2021,1376
2022,2226
2023,2811
2024,7387
2025,1314
2036,34
204,36
2047,183
205,27
208,43
209,30
20th,65
21,2083
211,27
215,28
216,35
217,58
21st,150
22,2000
222,34
226,38
229,125
22nd,53
23,2008
232,47
23rd,64
24,2530
246,15
24th,76
25,3813
250,280
255,36
25th,83
26,3585
261,39
264,19
26th,67
27,1508
27th,54
28,1859
284,30
28th,59
29,1566
29th,56
2nd,299
30,2936
300,573
30th,52
31,1258
315,50
319,13
31st,49
32,830
33,567
330,39
331,11
34,540
35,807
36,506
37,759
370,747
38,449
39,703
399,14
3d,44
3rd,734
3w,4
40,1926
400,857
41,604
42,1085
43,461
44,411
45,903
46,1164
47,517
477,7
48,1412
49,580
4g,29
4th,259
50,2360
500,929
5000,32
51,393
52,340
53,251
54,334
543,923
55,503
56,439
57,1053
58,278
59,234
5th,576
5w,4
60,1114
600,203
61,214
616,1
62,302
63,214
63rd,6
64,225
65,480
66,232
66th,5
67,342
68,231
69,176
6th,166
70,1093
700,198
72,520
73,143
74,217
75,804
76,187
77,175
78,145
787,13
79,136
7th,191
80,971
800,169
8000,12
81,557
8140,2
82,93
83,164
84,124
85,247
87,85
89,406
8th,118
90,1717
9000,3
91,76
94,425
950,16
96,432
970,12
98,120
99,280
9th,100
aadmi,1098
aam,1086
aap,5750
aaye,9
aayush,4
ab,180
abbas,99
abdominal,54
abdul,428
abg,1
abhijit,347
abhishek,1298
ability,556
abishek,9
ablaze,71
able,1548
abound,9
abrogated,26
abrogation,341
absence,803
absorbs,7
absorption,26
abuse,863
accelerating,53
acceptable,203
access,1555
accessibility,139
accessible,283
accident,3131
accidental,199
accolade,35
accompanying,122
accomplish,18
according,4715
accordingly,350
account,2812
accumulating,14
accuracy,73
accurate,110
accused,11990
acetate,2
achampet,5
achieve,453
achieved,656
achievement,577
achieving,263
acid,183
acidity,10
acknowledged,477
acne,3
acquired,336
acquisition,423
act,6336
acted,362
acting,667
action,7071
activated,85
active,924
actively,562
activity,3032
actor,2806
actress,246
actressshraddha,2
acute,172
adajania,2
adam,39
adapt,62
add,682
added,6043
adding,3103
addition,998
additional,2681
additionally,780
address,2909
addressed,1039
addressing,1713
adequate,524
adhere,204
adhir,283
adidas,32
aditya,375
adjustable,20
administration,2709
administrator,143
admiration,67
admirer,34
admitted,1444
adopt,230
adoption,262
adopts,7
adorable,12
adorned,73
adrienne,3
advanced,908
advancement,247
advani,125
advantage,529
adventure,74
adversely,91
advised,872
advising,90
advisory,587
aesthetic,56
affair,2887
affect,509
affected,1690
affecting,401
affection,234
affiliate,49
affirming,38
afford,176
affordable,279
afghanistan,230
african,160
afspa,60
afternoon,998
agatha,11
age,1538
ageing,63
agency,6220
aggressive,233
agm,19
ahead,2141
ahmad,492
ahmed,644
ahmedabad,942
ai,1301
aiden,4
aim,1737
aimed,959
aiming,579
air,5213
airborne,32
aircraft,1254
airfare,34
airflow,7
airless,1
airline,1012
airliner,9
airport,3742
airspace,79
aish,1
aitc,1086
aizawl,23
aj,36
ajay,765
ajinkya,15
ajit,2189
akash,252
akshay,203
al,118
alarming,177
alaya,2
album,92
alcohol,662
alert,1393
alerting,40
algur,173
ali,1533
alia,62
alignment,143
alike,94
alipurduar,195
allahbadia,2
allegation,3801
alleged,7973
allegedly,4922
allergic,20
allergy,59
alliance,6470
allocate,116
allocation,983
allow,1141
allowing,970
allows,300
ally,1727
aloe,14
alongside,526
alternate,119
alternative,588
amaravati,312
amassed,94
amazing,87
amazon,119
ambassador,296
ambedka,1
ambedkar,1075
ambedkarism,2
ambit,87
ameesha,1
amended,189
amendment,918
amenity,232
american,587
amid,1871
amidst,502
amit,3151
ampareen,5
ample,101
amrita,270
anaemia,36
anaita,2
analysed,142
analysing,87
analysis,792
analyst,263
analyze,25
analyzed,21
anand,841
anandaswamy,173
anchor,48
andaman,199
andhra,3898
andre,20
anganwadi,58
angkrish,6
ani,632
anjali,235
anjan,9
ankita,34
anmol,318
anna,627
annadata,4
anniversary,460
announce,317
announced,4780
announcement,1596
annual,934
anrich,7
answer,1157
answering,50
antagonist,7
anti,38
antic,8
anticipate,60
anticipated,295
anticipation,111
antioxidant,14
anukul,5
anusandhan,11
anybody,147
apartment,722
apcc,2
apne,29
apoorvamehta18,1
app,839
apparent,243
appartment,1
appeal,1326
appealed,632
appearance,217
appeared,927
appears,574
application,1952
apply,510
appointed,1597
appreciated,222
appreciating,48
approach,1439
approaching,201
approval,950
approve,93
approved,940
approx,39
approximate,23
approximately,1004
apr,343
april,7112
apsara,7
aquarius,9
arambag,178
arbaaz,26
architect,150
area,9926
argued,898
aries,19
arm,867
armed,1186
army,2494
arora,189
arpita,25
arpu,2
arrangement,1003
array,49
arrest,3522
arrested,7113
arrival,644
arrogance,95
arshad,191
arshdeep,29
artefact,49
article,4530
artificial,361
artist,352
arulmani,10
arun,414
arunachal,1972
arvind,2408
aryan,78
asansol,392
ascend,6
ascertain,308
ashok,852
ashutosh,159
ashwin,64
asia,472
asics,7
aside,274
ask,1042
asked,5635
asking,1081
aspect,567
aspiration,506
assam,3174
assault,1630
assembly,13369
asserted,1264
asserting,445
asserts,48
assessment,566
asset,1101
assigned,390
assistance,1104
assisted,151
associated,758
association,2145
assured,1023
astounding,20
astro,8
astrologer,16
atal,328
ate,50
atishi,1076
atop,116
attack,5199
attacked,1335
attacking,360
attempt,2367
attempted,868
attended,1342
attending,450
attention,1323
attire,145
attract,283
attracted,155
attracting,134
attributed,600
audience,310
audiologist,1
auditor,78
august,1973
austerity,5
australia,374
australian,122
authority,5935
auto,567
automobile,144
auxiliary,18
avail,156
availability,285
available,1704
avenue,243
average,1332
aversion,5
avesh,9
avg,8
aviv,13
avoid,1096
avoiding,199
awaited,338
awaits,51
award,949
awarded,965
aware,673
awareness,618
awas,485
away,3606
axar,9
ayatollah,5
ayodhya,970
ayush,138
ayushman,209
azmatullah,5
b3,2
baat,265
babasaheb,166
babu,536
baby,573
bacca,7
bachao,113
bachchan,80
backend,5
backlight,2
backlighting,5
backlit,16
backward,711
backyard,40
bad,507
bade,21
badge,43
badoni,6
bagalkot,212
baghel,149
bahar,28
baharampur,712
bail,3473
bairstow,5
bala,236
balaji,297
balance,529
balanced,128
balcony,179
ball,210
ballistic,143
balm,3
balurghat,197
bamboo,85
bandra,1086
bandyopadhyay,278
banerjee,3536
bangalore,1072
bangladesh,2893
bank,3173
bankura,229
banner,688
banter,13
barasat,228
bardhaman,364
bareilly,222
barrackpur,174
barrage,149
barrier,399
barsapara,16
basavaraj,280
basavraj,188
base,794
baseless,447
basic,626
basirhat,283
bask,1
bastar,282
bastion,344
bat,94
bathing,73
batla,15
batsman,24
batter,48
battery,400
batting,55
battle,1529
battlefield,99
baweja,38
bbf,4
bdr,2
beach,431
bear,373
beautiful,151
beauty,196
bed,525
bedecked,6
beefed,17
began,2026
beginning,487
begun,289
behavior,154
behaviour,422
belgaum,380
belief,786
believe,1487
believed,843
believing,103
bellary,195
belong,285
belonging,649
belt,297
bench,4140
benchmark,153
beneath,142
beneficiary,759
benefit,1993
bengal,7909
bengaluru,5425
benign,15
benjamin,27
berlin,46
best,1933
beti,91
betrayal,121
better,1754
bf,2
bhaduri,9
bhagnani,5
bhaji,4
bhansali,19
bharat,3081
bharatiya,2278
bhatia,200
bhatt,144
bhattacharya,354
bhim,89
bhimrao,50
bhool,10
bhulaiyaa,3
bhumi,20
bhupesh,71
bhuvneshwar,2
bhuyan,125
bid,599
bidar,266
biden,371
big,2460
bigger,379
biggest,826
biggies,6
bihar,5080
bihari,279
bijapur,348
bijli,41
bike,823
bilateral,1039
billion,731
bima,21
bin,75
bindra,69
bioavailable,1
biodegradable,6
birbhum,207
bird,312
birla,502
birth,652
birthday,513
bishnoi,1109
bishnupur,247
bit,288
bjp,39731
black,607
blade,122
blaming,175
blast,826
bleeding,302
blend,107
blessed,110
blessing,803
blistering,44
bloc,3781
blood,1698
bloodshed,37
bloom,315
bloomed,16
blossom,16
blue,376
bluetooth,81
bo,8
board,3314
boast,249
boasting,51
body,6129
boeing,142
bollywood,397
bolpur,205
bolster,132
bolstered,50
bolstering,187
bomb,1424
bommai,306
bond,629
bonding,23
bongaon,221
book,1063
booked,1310
boost,634
boot,47
booth,1450
border,2403
bordering,79
borne,75
bos,139
botox,7
bottle,334
boult,6
boundary,329
bowler,55
bowling,42
box,368
boyband,1
br,1387
brabourne,2
brace,59
brahmastra,2
branch,1201
brand,677
brar,168
bravery,82
breaking,345
breakthrough,183
breast,65
breath,99
breathability,7
breathable,3
bribe,338
bribery,122
brilliant,44
bring,1959
bringing,740
brings,191
britain,38
british,543
broadcaster,64
broader,362
brother,3391
brought,2517
brown,49
brunt,96
bucci,7
buddhism,43
budget,1280
budidgattu,1
build,1337
builder,300
building,3774
built,1438
bullet,689
bump,17
bumrah,21
bureau,634
burger,44
burning,566
bursting,65
bus,3080
business,2310
busy,469
buttler,15
button,137
buying,272
byte,10
caa,337
cabinet,3106
cable,168
cafe,160
calculated,72
called,4097
calling,1399
calm,229
calming,5
cambodia,122
cambodian,21
came,6287
camera,1127
cameron,19
camp,1292
campaign,3641
campaigner,228
campaigning,1184
cancer,476
candid,43
candidate,13546
canvas,33
canvassing,51
cap,283
capability,732
capacity,1079
capf,67
capital,2028
capitalize,20
capitalizing,6
capricorn,16
captain,382
captaincy,8
caption,67
captioned,32
captivating,35
capture,314
capturing,263
car,3651
card,1913
cardiac,173
care,1959
career,786
careful,140
carefully,186
carried,1542
carrier,173
carrying,1272
case,19764
cashback,11
cast,1048
caste,2231
castigated,21
casting,354
casual,109
casualty,505
catch,284
catching,86
catering,108
caught,1052
cause,2193
caused,1824
causesfor,1
causing,1456
cautious,122
cbi,3403
cctv,2129
cec,550
celebrated,463
celebrating,283
celebration,995
celebrity,225
celebs,12
cell,822
celluloid,6
cent,1237
central,6534
centre,7157
century,451
ceo,851
ceramides,1
cerave,2
ceremony,1877
certain,1363
cervical,42
cgm,7
chahal,62
chahar,11
chaircar,2
chaired,259
chairman,1647
chakaravarthy,7
challenge,2941
challenged,650
challenger,99
challenging,1030
chamarajnagar,175
chamber,281
champion,254
championship,122
chance,895
chandigarh,848
chandni,248
chandra,550
chandrababu,768
chandrachud,667
change,3275
changed,1161
changer,28
changing,442
channel,998
chanting,89
chaos,583
character,371
charan,652
charge,5154
charged,807
charm,66
chart,116
chasing,72
cheap,118
check,1676
checked,462
cheek,29
cheekbone,3
cheered,39
chemical,463
chenchu,2
chennai,3525
chepauk,20
cherished,58
cherry,17
chhattisgarh,2278
chhillar,2
chidambaram,272
chidorigafuchi,1
chief,18007
chikkballapur,175
chikkodi,224
chikmagalur,178
child,6189
china,1973
chinaswammy,1
chinese,802
chinnaswamy,25
chipped,19
chitradurga,375
choice,1332
choose,466
choosing,151
chopra,136
chose,493
chosen,347
chota,5
chote,15
chowdhury,438
chowk,698
chris,9
christian,222
cinema,324
cinematic,21
circled,4
circling,8
circulating,264
circumstance,591
cited,888
citing,1297
citizen,2793
citizenship,564
city,8927
civic,1136
civil,1929
civilian,499
civilization,25
clad,37
claim,4014
claimed,5756
claiming,1397
clash,637
clashed,102
class,3064
clean,1016
cleanliness,127
cleanse,23
cleansing,17
cleanup,21
clear,2861
clearer,34
clearing,238
clearly,780
client,264
climate,833
climbing,64
clinched,391
clinching,47
clinically,13
clip,532
clock,169
close,2728
closely,674
closer,279
closest,162
closing,138
closure,441
clothing,129
clue,170
cluster,180
cm,11772
cmp,4
cnn,15
coalition,1138
coating,19
code,2224
coetzee,6
coincide,45
coincidence,94
coincidental,3
coincides,73
cold,593
collaboration,706
collaborative,107
collagen,8
colleague,1410
collect,482
collection,517
collector,949
color,25
coloration,2
colour,302
combating,84
combined,368
come,7725
comeback,251
comedy,48
comet,6
comfort,337
comfortable,263
comfortably,66
coming,2001
commander,297
commemorating,23
commenced,228
commendation,8
commended,82
comment,1807
commentary,32
commented,188
commercial,862
commission,5678
commissioner,3456
commitment,1967
committed,1918
committee,4892
common,1390
communication,1026
community,5706
compact,43
company,4403
compared,1520
comparison,234
compatriot,5
competition,403
competitive,311
complaint,6055
complemented,29
complete,1597
completely,771
completion,571
complicating,38
composition,295
compost,12
compounded,71
comprehension,6
comprise,119
comprises,285
comprising,823
compromising,76
comptroller,29
compulsory,142
concealed,145
conceding,17
concentration,132
concern,3809
concerned,1122
concerning,593
concert,191
conclude,380
conclusion,314
condemn,221
condemnation,69
condemned,600
condemning,134
condition,3790
condolence,544
conducive,67
conduct,2926
conducted,2943
conducting,795
conference,2108
confidence,1466
confident,755
confirm,280
confirmed,2366
conflagration,14
conflict,1225
confrontation,254
confusion,269
congratulation,343
congress,28101
connect,354
connected,480
connection,2201
connectivity,731
connects,184
conquering,7
conscious,102
consecutive,678
consequence,465
consequently,139
conservative,77
consider,728
considerably,49
considered,1346
considering,816
consist,46
consistency,49
consistently,389
consisting,127
consolidate,113
conspiracy,1376
constant,301
constituency,9037
constitutes,68
constitution,2983
constitutional,833
construct,266
constructed,510
construction,2401
consulate,175
consumer,719
consuming,231
contact,1006
contacted,478
contain,173
contains,143
contemplated,35
contender,529
content,737
contest,2448
contesting,2516
contingency,33
continue,2920
continued,1720
continues,900
continuity,92
continuous,316
continuously,269
contract,805
contribute,333
contributed,417
contribution,979
control,3098
controversy,1335
convenience,171
convenient,194
conversation,599
converted,166
convict,422
coochbehar,188
cook,150
cookie,2
cool,149
cooperate,254
cooperation,1369
cooperative,456
coordinated,217
cop,2627
copy,531
cord,66
core,506
corner,499
cornerstone,56
corporation,2013
correlation,21
corruption,1832
cosmic,29
cosmos,15
cost,1945
council,1706
counsel,930
counter,621
countered,175
counterpart,440
counting,1718
country,11324
couple,2045
coupled,161
courage,337
courageous,25
course,1560
court,19582
cover,1360
coverage,249
covert,51
coveted,52
cowardly,90
cozy,14
cpi,855
crafted,56
crafting,29
craftsmanship,19
craving,8
create,1536
created,1155
creating,947
creche,10
credit,664
credited,162
crept,32
crew,621
cricbuzz,7
cricket,700
cricketer,149
cricketing,21
crime,5254
criminal,3352
critic,175
critical,1576
criticised,923
criticized,538
crooning,3
crop,762
crore,9367
crowd,1250
crucial,1856
cruise,90
crumb,1
crunching,2
csk,182
cuddling,3
culminated,70
culprit,336
cultural,889
culture,996
cummins,22
cup,315
curious,85
curran,9
current,1802
currently,2251
curve,31
cushioning,8
custody,2674
customer,716
customizable,6
customization,5
cut,934
cycle,323
cylinder,321
cyst,4
daesh,1
daily,1374
dakshin,379
dakshina,211
dalit,688
dalits,503
damage,1141
damaged,637
damascus,19
damepl,1
damp,14
dance,245
danced,14
dancer,85
danger,456
dangerous,339
daniel,41
darjeeling,282
dark,294
darshan,1352
daryl,3
dash,62
data,3062
date,3576
dated,349
datke,15
daughter,2971
daunting,26
davanagere,219
david,135
dawood,157
day,17663
dayal,74
dazzle,3
dc,397
dcp,749
dead,1981
deal,1337
dearly,4
death,5836
debut,289
decelerated,2
december,1514
decent,65
decide,948
decided,2891
deciding,203
decimate,11
decision,5007
declaration,483
declared,3273
decline,583
dedicated,688
dedication,326
deed,207
deep,1218
deepak,528
deeply,583
deepshikha,1
defeat,1096
defeated,739
defeating,381
defence,2468
defended,317
defending,123
defense,251
define,38
definitely,217
degeneration,4
deity,239
delay,1686
delayed,803
delaying,104
deleted,169
delf,19
delhi,35654
deliberate,253
delicate,62
delightful,10
delineated,7
deliver,642
delivered,582
delivering,290
delivery,783
demand,4218
demanding,1484
demise,328
democracy,1331
democratic,1710
demonstrate,132
demonstrated,206
demonstration,316
denied,1344
denim,16
deo,431
deol,11
deos,10
departing,77
department,6956
deployed,1204
deploying,130
deposited,124
depth,210
deputy,3955
derivative,13
dermatologically,1
dermatologist,5
desai,222
deserve,134
deshmukh,531
deshpande,104
design,636
designed,556
desire,320
desk,83
desperately,98
despite,4541
destabilising,16
detachable,6
determination,236
determine,545
determined,816
determining,447
devarakonda,3
devdutt,16
develop,637
developed,1633
developing,780
development,8003
devendra,1113
devgn,12
device,755
devoid,47
devyani,18
dgm,3
dhan,43
dhankhar,359
dharamsala,22
dharwad,411
dhawan,56
diagnosed,99
dialogue,575
diamond,567
diaper,3
didis,33
die,319
died,3292
difference,928
different,3384
differential,33
difficulty,437
dig,441
digha,24
digital,1100
dignity,436
dikhhla,2
dimri,2
dinesh,402
dinner,248
diplomacy,166
diplomat,421
diplomatic,650
dipped,105
direct,1245
directed,2445
directing,245
directive,840
directly,966
director,2513
directorate,843
directorial,9
disappointed,121
disappointing,77
discerning,9
discharged,292
disclaimer,91
disclosed,310
discomfort,134
discount,104
discourage,44
discovered,949
discovering,86
discovery,300
discrepancy,225
discus,765
discussed,878
discussion,1608
disdain,12
disha,22
dismissal,117
dismissed,899
dismissing,167
disorder,186
dispensing,8
display,506
displayed,354
dispute,1193
disrupted,258
disrupting,170
distance,736
distinct,301
distinctive,66
distinguished,160
distinguishes,4
distraction,49
distressed,99
distributed,421
district,12492
disturbed,145
dive,27
diver,59
diverse,435
diverted,370
division,1495
divorce,405
dk,375
dm,282
dmk,957
dmrc,99
doctor,5680
document,1954
dog,1019
dolas,1
dollop,5
domestic,1044
domestically,23
dominance,302
dominating,31
donate,75
donated,188
donor,236
doorstep,58
dose,87
doubled,144
downed,13
downgrading,5
downing,15
downplay,17
dr,2894
drama,320
drape,1
draw,457
drawing,412
drdo,169
dream,575
dreamliner,14
dressed,201
dressing,36
drew,387
drinking,513
drive,1517
driver,3043
driving,1319
drone,716
dropped,650
droupadi,288
drying,53
du,157
dual,121
dubbed,117
dube,15
duet,4
dull,22
dum,461
duo,586
duplication,19
durability,36
durable,34
durbar,11
durgapur,206
dwarka,347
dy,420
dye,26
dying,85
dynamic,375
dysphonia,2
eager,101
eagerly,95
ear,280
earlier,4653
early,2845
earn,187
earned,339
earning,246
earth,436
earthen,16
earthquake,182
easier,154
easily,294
east,2761
eastern,1086
easy,567
eat,200
eating,151
ec,1773
echoed,206
echoing,203
eci,490
economic,1844
economical,16
ecosystem,459
ed,2482
edema,1
eden,128
editor,70
education,3993
educational,1142
effective,763
effectively,656
effectiveness,93
efficacy,45
efficiency,279
effort,3793
egalitarian,7
ego,216
eid,131
ekana,75
eknath,1829
el,63
elder,467
elderly,630
elect,534
election,28996
elector,236
electoral,2443
electricity,1011
electrifying,22
electronics,293
elegant,20
elegantly,4
elephant,357
elevate,67
elevated,284
elevating,40
eligible,693
eliminate,344
eliminated,91
elimination,74
eliminator,16
elite,134
embark,51
embarked,83
embassy,498
embodying,30
emerged,1775
emergency,1866
emerges,58
emerging,453
emeritus,80
eminent,88
emotional,397
emotionally,48
emphasised,832
emphasized,810
emphasizing,507
employed,434
employment,927
empower,150
empowered,122
empowering,136
empowerment,282
empowers,48
emraan,6
emulate,19
emulsion,2
enacted,157
encapsulated,4
encased,4
enchant,2
encounter,779
encountered,102
encountering,23
encourage,291
encourages,63
encouraging,229
end,2657
endeavour,150
ending,323
endless,46
endorsed,184
enduring,122
energetic,27
energy,1263
enforcement,1170
enforcer,8
engaged,803
engagement,541
engages,43
engaging,352
engine,508
engineering,1125
english,360
enhance,876
enhanced,524
enhances,51
enhancing,366
enjoy,211
enjoyable,25
enjoyed,145
enjoying,97
enjoys,118
enliven,1
enormous,57
enquiry,185
enriched,29
ensure,4757
ensured,475
ensures,332
ensuring,1470
ent,25
enter,799
enterprise,225
entertainment,157
enthusiasm,204
enthusiast,113
enthusiastic,73
entire,2698
entity,548
entrepreneur,236
entrepreneurial,47
envelope,29
environment,1362
environmentally,28
envisioned,37
envoy,72
epidermal,2
equal,397
equality,289
equalizer,5
equation,105
equipped,311
equipper,2
equity,216
er,30
era,525
eradicated,34
eros,14
error,333
escalate,72
escalating,177
escalation,120
especially,1902
esplanade,105
essence,252
essential,940
establish,840
established,1153
establishing,276
establishment,753
estimate,327
estimated,546
et,28
etch,2
etched,25
ethnic,402
ethylene,13
europe,231
eva,11
evacuate,86
evade,146
evaluation,170
evanston,1
evening,2243
event,4026
eventuality,30
everybody,660
evidence,2819
evident,451
evil,98
evms,729
evolving,171
exact,398
exactly,198
exam,2684
examination,1674
examined,380
examining,258
example,851
exceed,127
excellence,178
exceptional,170
exceptionally,45
excercise,1
excess,342
exchange,885
excise,868
excision,2
excitement,123
exciting,76
exclusive,230
executive,1007
exemplary,87
exemplified,17
exercise,1097
exercising,88
exhilarating,13
exist,291
existence,211
existing,854
expand,387
expect,497
expectation,342
expected,3816
expects,140
expedite,187
expense,370
experience,1860
experienced,782
experiencing,249
expert,2038
expertise,244
expertly,4
explained,800
explains,135
explore,510
explosion,361
explosive,352
exposed,453
exposure,231
express,1572
expressed,3154
expressing,605
expressway,611
extend,474
extended,1378
extending,268
extension,564
extensive,639
extent,404
external,984
extra,380
extreme,747
eye,1052
eyeball,11
eyeing,142
fabric,132
face,4544
facebook,296
facebooktwitterpintrest,2
faced,2029
facilitate,509
facilitating,187
facility,2349
facing,1345
fact,1982
faction,657
factor,1187
faf,6
fail,237
failed,1923
fainting,21
fair,891
fake,1589
fall,1213
falling,584
false,1367
falsified,17
fame,125
familial,36
familiar,172
family,12716
famous,323
fan,801
fantastic,38
fantasy,34
far,2380
farmer,3708
fasal,12
fashion,245
fast,515
faster,222
fastest,61
fatehi,10
father,4162
fatigued,3
favor,82
favorable,34
favorite,25
favour,844
favourable,171
favouring,55
favourite,141
fcu,45
fear,1067
fearless,29
feat,116
feature,983
featured,244
featuring,298
february,996
fee,982
feedback,289
feel,1257
feeling,466
fell,1471
fellow,357
felt,791
female,1040
festival,1058
festivity,145
fibre,61
field,1484
fielded,884
fifth,932
fight,2245
fighting,647
figure,1584
figuring,13
file,2366
filed,5346
filing,884
filled,528
film,1880
filmfare,4
filming,71
final,2796
finale,31
finally,829
finance,1317
financer,1
financial,2746
financier,18
finding,1123
findthe,1
fine,826
fir,3492
fired,521
firefly,7
firework,78
firing,622
firm,1717
fiscal,394
fish,349
fishnet,3
fit,288
fix,264
fixed,506
fixture,22
flagship,154
flair,5
flat,1265
flatter,4
flattish,1
fled,890
flex,38
flexibility,84
flight,3437
flocking,7
flood,687
floor,1394
floral,41
fluidglow,5
flying,341
focal,82
focus,1845
focused,639
focusing,551
focussed,49
fold,104
follow,930
followed,2553
following,8222
food,3046
foot,1002
footage,1800
footfall,187
force,5059
forced,1210
forcing,354
forecasted,80
forecasting,117
foreign,2339
forensic,947
forest,2442
forgetting,25
forging,60
form,2428
formation,888
formed,2022
formidable,276
formula,315
formulated,68
formulation,81
forthcoming,504
fortune,155
forward,1735
fought,462
founding,89
fourth,1055
fpo,14
fragment,54
fragrance,28
framework,427
france,214
franchise,131
frankfurt,70
fraud,724
fray,432
free,2398
frequently,350
fresh,1232
friday,6249
friend,2944
friendly,228
frivolous,59
fry,21
fuel,505
fugitive,80
fulfil,293
fulfilled,188
fulfilling,391
fulfillment,19
fully,975
fun,111
function,1142
functionality,38
functioning,464
fund,2553
fundamental,465
funding,462
funeral,212
furniture,69
furthermore,112
future,2678
g20,169
gaddadevara,173
gadkari,800
gag,35
gaikwad,207
gain,1121
gained,465
gaining,141
gak,1
galaxy,65
gambhir,103
game,858
gameplay,3
gamer,4
gamers,28
gaming,341
gandhi,8242
gang,1435
gangopadhyay,236
gap,662
garden,569
gargle,1
garib,25
garner,76
garnered,312
gas,936
gate,955
gated,27
gateway,340
gathering,996
gaurav,405
gave,2011
gayi,15
gayle,4
gaza,236
gear,202
gearing,398
geesgandi,1
gehlot,283
gel,7
gemini,35
gender,377
general,6013
generallast,1
generated,301
gentle,55
gently,28
geopolitical,124
gerald,10
german,183
getaway,26
getting,2183
ghar,160
ghars,3
ghatal,217
ghaziabad,473
ghosh,1086
giant,266
gilchrist,6
gill,80
gilon,3
girl,3672
girlfriend,267
given,5337
giving,1403
gl,4
glass,329
glenn,8
glimpse,141
glitzy,4
global,2595
glow,17
gm,90
god,1662
godzilla,1
going,3553
gold,1161
good,3602
gorilla,1
got,4112
gothan,3
governed,162
governing,320
government,17006
governor,2447
govt,19169
gowarikar,2
grabbed,120
graced,19
graceful,10
gracefully,16
gradual,55
grain,148
gram,407
granactive,1
grand,691
grant,930
granted,1766
grappling,133
gratitude,314
gravity,154
great,1131
green,1048
greeting,132
greets,11
grew,269
grey,78
grievance,431
grim,57
ground,2826
groundbreaking,51
group,5261
grow,344
growing,1030
growth,1574
gsqr,1
gt,198
guarantee,967
guaranteeing,16
guard,1213
guidance,279
guided,163
guideline,939
guiding,75
gujarat,3436
gujarathi,1
gulaal,1
gulbarga,237
gunman,56
gunshot,177
gush,14
guwahati,547
gyan,39
gyming,7
haan,10
habit,380
habitat,221
habitation,39
haemorrhage,23
haesoo,1
hagari,2
hai,966
hailed,207
halba,2
half,957
hall,714
hamas,109
hand,3256
handle,877
handling,459
handset,20
handsome,24
handy,21
happen,730
happened,1596
happening,486
happens,366
happy,900
haq,21
harbour,545
hard,1101
hardcore,39
harder,60
hardik,40
harm,317
harmonising,5
harpreet,46
harsh,348
harshal,34
harshit,25
haryana,7333
hashmi,8
hassan,688
haul,64
haveri,418
head,3136
headed,803
heading,522
headline,130
headquarters,799
healing,52
health,5076
healthcare,930
healthy,397
hear,515
hearing,2181
heart,1163
heartbreaking,45
heartwarming,40
heaved,15
heavily,321
heavy,2756
hebbalkar,305
heel,122
height,488
heightened,198
heinrich,7
held,7683
helmed,32
help,3619
helped,1005
helping,362
helpline,369
hemant,837
heralding,4
heritage,944
hero,259
hesitate,53
hetmyer,3
hezbollah,79
high,7388
higher,2308
highest,1988
highlight,878
highlighted,1943
highlighter,2
highlighting,1003
hilariously,5
hill,804
himachal,2120
himalaya,55
himanshu,93
hindi,542
hindu,2569
hinting,303
hired,304
history,1719
hit,2116
hitnal,173
hitter,1
hitting,562
hive,7
hmar,72
hoarse,2
hoarseness,1
hold,2774
holder,425
holding,1255
hole,114
holi,75
holiday,1447
hollow,53
holy,280
homage,96
home,8749
honor,122
honored,39
honoured,159
hooda,978
hooghly,289
hope,1699
hopefully,47
hoping,387
horn,51
horoscope,24
horror,175
horse,132
hospital,11095
host,452
hosted,337
hostel,633
hostility,56
hosting,159
hot,320
hotel,1557
hotmelt,2
hour,5228
house,7831
household,601
housewife,24
housing,815
houthis,18
howrah,381
http,97
hub,937
huge,1402
huh,1
humor,13
humorously,17
hundrends,1
hungry,43
hunting,66
hurdle,175
hurled,145
hurried,16
hurry,141
hussain,518
hut,68
hyaluronic,3
hyderabad,3714
hydrate,3
hydrated,30
hydrological,9
hygiene,136
hyper,6
hyperpigmentation,1
hypoallergenic,7
ibrahim,154
icc,91
iconic,271
id,443
idea,945
ideal,218
identify,893
identity,1277
ideological,168
idf,16
idhar,146
igniting,22
ignored,286
illavarsu,1
illegal,2444
illuminates,5
image,2059
imagery,24
imagined,80
imei,3
immediate,1328
immediately,1754
immense,593
immersed,78
immersion,121
immersive,40
immunity,116
impact,2106
impactful,46
impartial,95
imparts,1
impatient,3
impeccable,18
impending,97
imperative,109
imperial,23
implement,737
implementation,1051
implemented,846
implementing,440
importance,1525
important,1811
imposing,186
impressed,92
impressive,280
improve,1278
improved,785
improvement,692
inability,201
inaccessible,49
inch,131
incidence,95
incident,8844
include,3558
included,1649
includes,1415
including,13862
inclusion,467
inclusive,427
income,1070
incoming,116
inconsistent,44
incorporate,58
increase,2385
increased,1755
incredibly,44
indelible,40
india,32955
indian,12108
indicates,288
indicating,510
indication,246
indigenous,451
indigo,504
indirect,347
individual,3565
induction,124
indulgence,26
industrial,1033
industry,2289
infamous,74
inflame,6
inflaming,3
inflation,380
influencing,85
influential,297
information,3167
informed,2550
infotech,26
infra,64
infrastructure,1869
infuse,19
infused,39
infusion,26
ingrained,17
ingredient,162
inheritance,157
inhumane,35
initial,1099
initiate,377
initiative,1828
inject,17
injection,120
injured,3210
injury,3180
inked,155
inn,16
inner,186
inning,93
innovation,515
innovative,279
input,2041
inquiry,1453
insecurity,84
inserted,45
inside,2258
insider,141
insight,373
insisting,135
insole,5
inspire,146
instagram,534
installation,350
installing,108
instance,1014
instead,1641
instigated,53
institution,1640
instructed,869
instructing,62
instruction,956
instrument,280
instrumental,161
insurance,580
insurmountable,8
intake,112
integrated,367
integrating,78
intense,687
intensifies,44
intensify,192
intent,505
interaction,515
intercept,56
intercepted,272
interceptor,40
interested,207
interestingly,194
interim,1102
international,3454
internet,395
intervention,656
interview,838
intimate,69
introduce,282
introduced,918
intruding,5
intrusion,64
intuitive,9
invested,264
investigation,6527
investigator,511
investment,1506
investor,640
invited,629
invoice,27
invoked,292
involve,184
involved,3325
involving,1281
ipc,1018
ipl,251
iran,382
iranian,88
iraq,36
irony,45
irregularity,819
irrespective,350
irrigation,436
irritate,4
irritating,3
irritation,35
ishan,17
ishant,9
isi,138
islamabad,179
islamic,208
island,526
israel,490
israeli,186
issue,10409
issued,4793
issuing,547
ist,1090
istanbul,35
item,720
iyer,78
izzat,2
jaa,18
jackky,4
jacobsen,2
jadavpur,255
jadeja,65
jagadish,227
jagan,372
jagdalpur,28
jagdeep,170
jail,2921
jaipur,710
jaishankar,990
jaiswal,522
jaitley,71
jalore,69
jalpaiguri,277
jammu,4774
jamui,302
jan,1912
jana,161
janata,2105
jangipur,190
janhvi,22
janhvikapoor,1
jansen,1
january,1484
japan,344
japanese,154
jarakiholi,173
jasprit,14
jayanti,244
jayantireferring,1
jayate,34
jaydev,13
jaynagar,180
jd,1340
jeeyo,4
jerusalem,16
jet,383
jetting,5
jewish,23
jhargram,231
jharkhand,4357
ji,1306
jibe,333
jinping,91
jitesh,19
jittery,29
jma,1
jo,93
job,3647
jodo,113
joe,158
johar,25
johnson,54
join,1320
joined,2126
joining,671
joint,1919
jonas,13
jonny,3
jordan,31
jos,10
joshi,549
journalist,448
journey,1162
joy,241
joyous,22
jp,295
judge,3152
judicial,1736
jugjugg,2
jumla,14
jump,216
june,7643
justice,7200
ka,562
kabhi,160
kabir,105
kagiso,8
kanguva,2
kannada,758
kanpur,357
kansai,3
kanthi,182
kapoor,460
kapur,36
karanjohar,1
karein,5
karnataka,6154
karne,32
karthik,192
kashmir,4369
katchatheevu,8
katha,19
kathi,2
katsuhiro,1
katyayani,5
kaushal,61
kaveri,74
ke,381
keeping,918
kejriwal,4991
kemmu,2
kept,1589
kerala,4384
ketaki,8
key,4266
keyboard,55
keycaps,1
keystroke,1
khairagarh,6
khaleel,25
khamenei,18
khan,3380
khandre,243
kharge,1866
kharjahrin,5
khmer,15
khobragade,13
khobrogade,15
ki,643
kiara,37
kicked,149
kickoff,3
kickstart,18
killed,2764
kilogram,52
kind,771
king,524
kingdom,82
kishan,273
kisi,21
kit,133
kiya,45
kjo,1
kkr,232
kl,58
klaasen,11
km,1446
knack,7
knight,98
knit,5
knob,2
knock,74
know,3539
knowledge,517
known,2356
kock,9
kohli,131
kolar,266
kolkata,6376
kommareddy,7
kong,125
koppal,247
korean,70
koya,21
kreo,4
krishi,48
krishna,1189
krishnamoorthi,6
krishnanagar,587
krunal,9
krushna,11
kuch,62
kuldeep,294
kumar,8696
kunal,176
kunbi,14
kundan,18
kurta,51
kushagra,3
kyle,1
la,169
labeling,70
lace,12
lack,1607
ladakh,919
ladder,92
lagegi,2
lagi,6
lakh,9939
lakhpati,50
lakshadweep,118
lalbiakzama,4
lalla,87
lalnghinglova,1
lalrosanga,1
lalu,438
lambadi,1
lamented,50
lamp,49
landed,471
landmark,203
language,1394
languish,9
lanka,297
large,2497
largely,390
larger,775
largest,1607
laryngeal,1
larynx,1
laser,47
lasting,190
late,2148
later,4717
latest,1284
launch,1069
launched,1894
launcher,43
laundering,961
law,6125
lawrence,557
lawyer,1324
layout,305
laziness,5
lazy,10
le,1725
lead,2066
leader,13799
leaderboard,10
leadership,2854
leading,3148
league,428
leak,1024
leaked,286
leap,50
learn,911
leave,1959
leaving,1361
lebanese,19
lebanon,104
led,5168
lee,22
leela,134
left,5205
legacy,733
legal,2918
legendary,79
legion,7
legislative,868
length,253
leo,33
lesion,13
let,1657
letter,2880
level,3598
leverage,120
leveraging,153
liam,6
liberty,409
libra,9
license,165
lid,52
lie,836
life,7058
lifetime,90
lifted,192
lifting,89
light,2296
lighting,99
lightsync,2
lightweight,63
like,9816
liked,76
likely,3084
likened,30
limelight,63
limit,920
limitation,105
limitless,7
line,2840
lineup,29
lingering,28
lining,68
link,1187
linked,1132
liquidity,15
list,3588
listed,451
listen,236
lite,6
little,1164
live,1435
lively,48
living,1348
livingstone,4
liye,181
loan,1168
local,5624
locality,419
located,1054
location,1844
lock,158
locked,455
lodged,1633
log,133
logitech,5
lok,16328
lokhande,18
london,376
lone,735
long,2459
longer,683
look,2149
looked,512
looking,1167
loom,53
looming,30
loose,72
lop,785
lord,751
loses,82
losing,614
loss,1862
lot,1350
lotion,1
lotus,408
loud,242
loudly,25
love,1622
lovebird,2
loved,259
loveless,2
loving,21
low,1138
lower,1242
lowest,482
loyalist,120
lsg,170
lucknow,1423
lufthansa,60
luvlap,4
lying,552
lyngdoh,8
maa,151
machine,969
macro,15
madhup,2
madhwal,9
madhya,2549
magegee,3
magistrate,1070
magnitude,116
mahabubabad,40
mahadev,152
maharaja,88
maharashtra,8998
mahi,21
mahua,416
maidaan,5
main,2119
maine,30
mainly,326
mainstream,263
maintain,913
maintained,720
maintaining,553
major,3304
make,5743
maker,177
makeup,32
making,3610
malayalam,184
malda,742
male,909
malice,19
malicious,158
mallapur,7
mallika,23
mallikarjun,932
malti,14
mamaearth,4
mami,6
man,4033
manage,531
managed,2042
management,2453
manager,755
managing,612
mandate,1217
mandir,429
mandya,313
manifesto,1675
manipur,2917
manish,619
manmohan,713
mannara,1
manned,50
manner,1044
mansingh,47
mantle,23
mantra,102
mantralaya,33
manufacturing,761
manushi,2
maoist,974
mar,247
march,3339
marco,18
marcus,7
margin,1525
marginalised,156
marginally,121
marie,17
mark,2680
marked,763
market,2449
marketing,207
marking,485
markram,4
marriage,1294
marsh,4
marvellous,3
mashup,2
mass,526
massive,1072
mastermind,228
mat,90
match,1379
material,1151
math,298
matheen,11
matheesha,4
mathura,211
mathurapur,180
matter,3645
mattered,13
mature,73
maurya,109
maximum,1735
maxwell,9
mayank,60
maybe,158
mayer,9
maze,13
mbts,1
mdns,4
mea,511
meal,374
mean,1276
meaning,224
measure,2920
measuring,97
mechanical,216
mecon,2
medical,7177
medically,41
medinipur,260
medium,5658
meet,2489
meeting,7339
megha,26
meghalaya,1342
mehra,15
meil,5
melting,20
member,8990
membrane,10
memorable,67
memory,340
men,2210
menace,153
mental,674
mentality,73
mentally,236
mention,660
mentioned,1638
mentor,94
mere,316
mesh,32
mesmerizing,4
messy,14
met,2296
meteorological,723
method,441
methodically,8
metro,1797
mi,343
micro,105
micromagic,1
microphone,43
mid,37
middle,669
midsole,1
midst,66
migrating,29
mild,131
milestone,330
milind,116
militant,392
military,1448
miller,99
million,1436
mind,962
mindset,221
mingle,11
minimizing,16
minimum,1073
minister,34741
ministerial,368
ministry,4181
minor,1713
minute,1800
mirchi,18
misconduct,197
misleading,407
miss,267
missile,819
missing,1459
mission,1285
mitchell,19
miyamoto,1
miyan,24
mizoram,1284
ml,100
mla,3610
mlc,370
mn,353
mnf,21
moat,4
mobile,1703
mock,134
mocked,87
mod,40
mode,530
model,2097
modern,499
modest,82
modi,18815
modification,135
modiji,128
mohali,168
mohammed,384
mohan,1682
mohanty,81
mohit,85
mohsin,43
moisture,125
moisturised,1
moisturiser,1
moisturize,2
moisturizing,3
moitra,449
moment,1020
momentary,7
monday,6407
monetary,137
money,4495
monitored,243
monitoring,802
monster,18
monsterverse,2
monstrous,7
month,6743
monthly,513
mood,318
moon,313
morning,2792
moroccan,6
mother,3588
motivate,59
motive,373
motorbike,77
mountain,360
mourning,99
mouth,230
moved,1705
movement,1837
movie,522
mp,9359
mpatgm,6
mpc,9
mr,170
mrandmrsmahi,1
mrunal,190
msmes,71
msp,336
mubarak,32
muddey,2
mudra,32
muft,31
mughal,143
mukesh,418
mullanpur,9
multiple,2896
mumbai,10285
murder,4702
murmu,652
murshidabad,295
muscle,109
music,568
muslim,3257
mussavir,9
mustafizur,13
muttemwar,9
mutton,45
mysore,489
mysterious,111
na,308
naa,12
nab,194
nadaan,2
nadda,1253
nadu,2560
nagaland,1257
nagarkurnool,40
nagpur,1298
nahee,1
naidu,2077
naik,638
nalgonda,70
nalkande,1
named,1568
namo,96
nana,211
nandgaonkar,13
nandre,4
nano,41
naor,1
narendra,5842
naresh,288
narine,29
narrow,256
naseeruddin,13
natarajan,14
nation,4014
national,10850
nationwide,413
natural,1059
naturally,103
nature,936
nav,9
navalakhe,3
navaratri,5
navdeep,21
naveen,615
navjot,14
navratri,78
naxalism,72
ncp,3661
nda,4687
near,5541
necessary,1395
need,6504
needed,1086
needing,62
neelam,46
neelavati,16
negative,368
neighbor,84
neighbour,769
neighbouring,728
nellore,77
nep,88
nerurkar,9
net,387
netanyahu,39
netizens,67
network,1073
networking,35
new,27736
newest,29
newly,975
news,2177
nia,682
niacinamide,1
nice,65
nicholas,18
nick,14
nicobar,147
night,3787
nike,16
nikhilmehrotra,1
nimbalkar,196
ninja,5
nirmal,408
nirmala,312
nisp,2
nitesh,85
nitin,778
nitish,1010
nmdc,7
nodule,5
noida,1007
nominated,612
non,63
noor,50
nora,6
north,4160
northeast,412
northeastern,131
northern,448
northward,41
northwestern,11
nortje,5
nortjecaptain,1
notable,872
notably,266
note,1725
notice,3080
noticeable,43
noticed,428
notification,843
noting,551
notion,62
notorious,143
nourish,3
november,2382
npp,143
nris,44
number,7749
numbering,23
nupur,12
nursing,257
nutritious,24
nyay,195
objection,576
observing,196
obstacle,175
occasion,1251
occasionally,47
occult,16
occur,450
ocean,356
oct,1872
october,2388
odisha,4451
offbeat,4
offensive,145
offer,1838
offered,1235
offering,932
office,4805
officer,9880
official,13555
ofsawan,2
oh,14
oil,580
olay,2
old,2122
older,267
olympics,314
omarzai,4
onboard,101
ondc,6
ongoing,2418
online,1765
open,2303
opened,1039
opening,544
operate,529
operated,462
operates,277
operating,894
operation,4108
operational,778
opportunity,2154
opposing,279
opposition,7330
oppression,36
opt,156
opted,198
optical,53
optimal,62
opting,111
option,1216
orange,350
order,7600
ordinary,168
organic,126
organisation,1882
organised,844
organising,189
origin,316
original,527
originated,114
osteoporosis,8
outcome,1036
outemu,2
outer,276
outfit,558
outing,34
outline,97
outnumbering,10
outperformed,86
outrage,432
outreach,235
outshines,1
outside,2618
outsole,2
overall,1034
overboard,6
overcoat,3
overflown,1
overfly,9
overflying,13
overlay,4
overnight,205
overrun,24
overseas,228
overuse,7
overview,84
ovr,4
owing,247
owner,2051
pa,50
pace,447
pacer,28
package,386
packaging,80
packed,193
padikkal,5
page,439
paid,1246
pain,611
pair,223
paired,86
pala,13
palace,238
palak,11
pamper,3
panchayat,701
pandey,573
pandit,311
pandya,58
pandyaharshit,1
pannu,13
pant,152
pantbatters,1
panvel,133
paparazzo,21
paper,2865
paraben,2
parabens,7
parag,37
parallel,199
paramilitary,146
parent,3290
parindey,2
park,1555
parliament,4102
parliamentary,2932
participate,663
participated,534
participation,695
particular,623
particularly,1579
partner,1531
partnering,28
partnership,833
party,32334
passed,1853
passenger,3430
passion,191
past,4450
pat,57
patani,2
patchwork,20
patel,1139
patelas,1
path,684
pathan,301
pathirana,4
pathology,16
patidar,35
patience,102
patient,2609
patil,1803
patna,843
patole,336
patra,311
pattabhiram,1
pausing,9
pav,28
pawar,4000
pay,2014
payment,904
payouts,11
pbks,158
pda,67
peace,1627
peaceful,451
peak,575
pednekar,58
peek,7
pelting,86
penchant,9
pending,1036
penetration,46
penta,2
people,23873
percent,689
percentage,881
perennial,30
perfect,262
perform,457
performance,1483
performed,547
performer,89
performing,366
performs,28
perfume,10
period,2053
periodic,77
permanent,534
perpetrator,333
persistent,170
person,5865
personal,2079
personality,211
personalize,1
personalized,23
personnel,2404
perspective,245
pertains,86
pesky,7
pesticide,55
pf,43
pffr,1
pharma,145
phase,12267
phased,79
phil,15
phone,2531
phonotraumatic,1
photo,2174
photograph,596
photoshoot,4
phrase,103
physical,990
physically,296
physique,3
pick,638
picked,579
picking,133
picture,772
picturesque,42
pig,47
pigmentation,2
pillar,273
pillion,99
pillowcase,2
pilot,1138
pinch,37
pink,97
pinnacle,20
pipe,121
piped,21
pipeline,235
pisces,9
pitch,225
pivotal,403
piyush,367
pk,27
place,8301
plan,3934
plane,637
planet,112
planned,1086
plant,1137
plantation,159
planter,4
plastic,401
plate,340
platform,1606
play,1540
played,958
player,930
playfully,14
playing,677
playoff,37
plea,1842
pledged,248
plessis,9
pm,14348
po,50
podcast,76
point,2507
pointed,1402
poised,380
pokhran,24
police,35179
policy,3221
polite,13
political,7393
politically,360
politician,1263
politics,3647
poll,13618
polled,400
polling,3394
polyp,5
polyurethane,7
poor,3239
pooran,21
pop,44
popular,701
popularity,303
population,1624
porel,9
portability,6
portable,53
portal,539
portion,469
portray,38
pose,294
posing,322
position,2537
positive,791
possibility,828
possible,1763
possibly,258
post,6238
postal,205
posted,1707
poster,391
potential,1861
potentially,419
poverty,325
power,5757
powerful,327
powerplay,6
prabhsimran,4
practical,132
practice,1245
pradesh,9883
pradhanmantri,7
pradip,250
praise,349
praised,386
pralhad,231
pran,36
prashant,451
pratishtha,35
pravin,137
pray,285
prayer,439
praying,80
precarious,59
precise,108
precision,146
predatory,16
predict,110
prediction,238
predominantly,111
prefer,131
preference,256
preferential,28
preferred,179
pregnant,367
preliminary,597
premier,200
premise,1194
premium,242
preparation,623
prepare,448
prepared,697
preparedness,217
preparing,527
prepping,3
prescribed,267
presence,2409
present,3359
presented,699
presently,108
preserving,134
president,8196
press,1574
pressing,627
pressure,1335
prestige,281
prestigious,236
presumably,27
presume,19
pretty,44
prevail,161
prevent,1608
prevention,684
previous,2195
previously,1055
price,2115
priced,54
primarily,461
primary,1030
prime,7447
principle,680
prior,705
prioritize,91
prioritizing,61
priority,837
pristine,33
pritam,55
prithiviraj,10
prithvi,27
private,3981
privilege,219
priyanka,2152
pro,269
probable,82
probably,275
probe,2989
problem,1838
procedure,1076
proceed,347
proceeding,1406
process,4036
processdo,1
produced,751
producer,298
product,1179
production,884
productivity,87
prof,238
profession,157
professional,972
professionalism,23
professor,745
profit,358
profound,154
program,637
programme,1750
progress,1741
project,5500
projected,266
projectile,16
projection,86
prolonged,330
prominence,88
prominent,1202
promise,1954
promised,1184
promising,506
promote,541
promoter,167
promoting,623
promotion,314
prompt,147
prompting,667
prone,85
propelled,48
propelling,13
proper,1009
property,2970
proposal,1130
proposed,1250
proposes,125
proposing,121
prosecution,905
protect,1537
protection,1637
protects,51
protest,3905
protocol,531
proud,283
proudly,60
prove,449
proved,455
proven,185
proverbial,13
provide,2917
provided,2464
provides,585
providing,1461
provoke,80
prowess,48
proxy,121
psc,12
pti,981
public,8107
publicity,130
published,3272
publishing,94
pucca,36
puducherry,271
pull,189
pulse,307
pulwama,202
puma,15
pump,442
punched,36
pune,2672
punish,83
punished,221
punishment,807
punjab,4633
purba,198
purchase,502
pure,114
purest,1
purple,48
purportedly,313
purpose,1089
purposefully,7
pursuant,33
pursuit,143
purulia,235
push,531
pushing,416
pvt,271
pvtg,6
pwi,1
qualifier,62
qualify,98
qualitative,22
quality,2962
quantity,186
quarter,690
quest,78
question,3308
questioned,1533
questioning,1029
queue,260
quick,520
quicker,24
quickly,652
quinton,7
quite,396
rab,4
rabada,10
race,454
racer,11
rachin,3
radhakrishna,228
radiating,9
radio,184
radiologist,8
radius,89
raf,27
raghuvanshi,7
raha,64
rahane,6
rahman,211
rahul,7223
raichur,258
raid,634
raigunj,173
rail,948
rain,2652
rainbow,20
raincoat,5
rainy,80
raipur,448
rais,27
raise,976
raising,914
raj,1632
rajasekhara,35
rajashekar,179
rajasthan,3466
rajat,36
rajiv,1211
rajkummar,12
rajkummarrao,1
rajnandgaon,44
rajnath,985
rajshekhar,9
raked,34
rally,3480
ram,4230
ramakrishna,81
ramandeep,9
rameshwaram,41
ramji,18
rana,667
ranaghat,223
ranbir,82
randeep,91
range,1271
ranging,315
ranjan,564
ranveer,33
rao,1823
rashid,376
rashtriya,422
raspy,1
rate,1502
rating,109
ratio,214
ration,291
ratna,751
ravi,863
ravichandran,21
ravindra,421
rayalu,2
rcb,184
reach,1850
reached,2402
reaching,1091
react,92
reacted,250
reacting,140
reaction,541
read,2637
ready,1285
real,1205
realise,219
reality,500
realizing,20
really,337
realm,44
reappearing,2
reason,2715
reasonably,24
reassessment,13
receive,1125
received,5220
receiver,44
receiving,1148
recent,3378
recently,4946
reception,122
rechargeable,11
reckless,89
recognise,182
recognised,289
recommendation,597
record,3125
recorded,3237
recording,577
recounting,69
recover,389
recovery,683
recruiting,69
recruitment,813
red,1084
reddy,2938
redefines,6
redgear,3
redness,9
reduce,853
reduced,852
reducing,507
reduction,370
reebok,5
reece,5
reeling,47
reference,584
referred,912
referring,609
reflecting,280
reflection,126
reflects,322
reformer,51
refrained,256
refraining,28
refresh,16
refuelling,11
refused,1237
regard,539
regarding,2487
regardless,323
regenerist,2
regime,482
region,4341
regional,1913
register,585
registered,4699
registration,1182
regular,997
regularly,332
regulate,119
reign,91
reiterated,769
reiterates,28
rel,5
relatable,12
related,2012
relation,1092
relationship,1456
relative,1245
relaxation,141
relaxed,48
release,2219
released,2761
releasing,250
relentless,166
relevance,234
reliability,70
reliable,171
reliance,135
relief,1423
religion,946
religious,1857
reluctance,88
relying,112
remade,2
remain,2287
remained,1380
remaining,1327
remains,2036
remake,6
remanded,538
remarkable,312
remarked,588
remember,925
remind,98
remittance,39
remote,313
remove,796
removed,981
rendering,61
renew,50
renewing,25
renovate,19
renowned,274
repair,657
repealing,18
repeatedly,682
replacing,214
replied,255
report,9851
reported,4053
reportedly,1347
reporter,857
representation,893
representative,2678
represented,522
representing,2455
represents,430
reptilian,3
republic,520
reputation,395
reputed,63
request,1652
require,399
required,1496
requirement,657
rescheduled,75
research,1755
researched,18
researcher,412
reservation,2484
reserved,838
reservoir,248
reshapes,4
reside,91
residence,2186
residential,574
resides,120
resigned,771
resilience,211
resin,9
resist,125
resolution,1076
resolve,751
resolved,443
resonating,29
resorting,153
resource,1355
respectable,43
respectful,43
respective,571
respond,710
responded,924
response,3299
responsibility,1502
responsible,1476
responsive,36
responsiveness,4
rest,1149
restraint,158
restriction,916
result,7000
resulting,925
resume,296
resumed,185
resurgence,56
retailer,69
retained,372
retains,93
retaliate,31
retaliation,106
retaliatory,75
retinal,2
retinoid,3
retinol,26
retired,792
return,2581
returned,1327
returning,983
revealed,2438
revealing,220
revelation,154
revenue,1335
reverse,108
review,1430
revised,391
revision,202
revitalizing,4
revocation,66
revolutionize,15
rgb,20
rhetoric,139
rhl,1
rich,727
richard,39
ricky,14
ride,515
rider,260
ridicule,19
riding,400
right,5670
rigorously,20
ringwoodite,1
rinku,119
rinwa,15
ripped,37
risen,151
rishabh,92
rishi,61
rising,823
risk,1238
rita,29
ritual,422
riverside,9
riveting,21
riyan,22
rjd,1313
rjs,1
rk,144
road,8597
roadmap,127
roadshows,78
robertjune,5
rock,316
rocket,247
rockstar,6
rohit,352
role,3521
roll,498
rolling,111
rollover,4
romantic,43
rome,29
room,2477
roughly,129
round,1284
rounded,62
route,1870
routine,379
roy,2275
royal,436
rr,391
rubber,80
rugged,31
rukh,164
rule,3092
ruling,1652
rumour,289
rumoured,13
run,2839
running,1456
rupee,349
rupted,1
rupture,9
rural,1806
rush,274
russell,29
russia,1213
rustiness,2
ruturaj,7
saath,220
sabha,18420
sabhas,19
sabka,104
sacnilk,2
sacred,275
sacrifice,351
sacrificing,23
sadness,36
safe,1452
safeguard,342
safely,263
safety,3192
sagar,623
sagittarius,15
saha,308
sahay,22
sahil,72
sahni,30
sai,357
said,84018
sakura,4
saleng,8
salim,73
salman,574
salt,328
sam,176
samajwadi,1139
samson,17
samyukta,201
sangadigundala,1
sangh,333
sangma,53
sangras,1
sanitation,228
sanjay,2769
sanjeev,185
sanju,26
sankalp,201
santosh,344
sara,45
sarbjit,3
satellite,700
satisfaction,126
satisfies,5
satisfying,14
satish,340
saturday,6001
satyamev,16
satyaprem,2
savarkar,194
save,1339
saving,302
saw,2934
sawai,66
sawan,24
say,6281
saying,4613
sc,4705
scale,467
scam,1581
scared,322
scenario,237
scene,1365
scenery,3
scenic,43
schedule,2223
scheduled,3640
scheme,4398
school,7232
scientific,391
scientist,520
scope,235
score,662
scored,354
scoring,153
scorpio,68
scp,136
screen,312
screening,257
scrutinising,50
scrutiny,1145
scuba,7
sea,871
seafront,9
seamless,182
search,1780
searching,279
season,1117
seat,24972
secluded,66
second,5255
secretary,4840
section,5189
sector,2562
secure,1590
secured,1895
securing,1054
security,7310
seek,1794
seeker,73
seeking,2821
seen,4041
seeped,10
segment,990
seismic,41
seismograph,1
seizure,349
select,264
selection,571
self,100
sen,284
sena,5703
send,863
sending,438
senior,6700
sensation,38
sense,652
sensitive,484
sent,4056
sentiment,636
seoul,16
separate,1097
separating,19
september,1358
sequence,293
serf,420
series,891
seriously,532
serum,47
serve,663
served,1491
service,5702
serving,1118
seshu,9
session,1824
set,6029
setback,655
setting,937
setup,91
seven,3501
seventh,502
severe,1692
severity,137
sex,363
shade,72
shader,1
shadow,183
shah,4853
shaikh,355
shake,50
shakeel,61
shall,1104
shape,224
sharan,245
sharansharma,1
share,2387
shared,2320
sharing,686
sharma,2465
sharmila,70
shashank,57
shatrughan,204
shatter,15
shaw,40
shazib,15
shedding,52
shell,258
shelter,652
shelved,21
shenanigan,1
sherawat,21
shettar,237
shetty,226
shg,13
shgs,23
shia,58
shied,23
shield,181
shift,1008
shifting,269
shikhar,13
shillong,50
shilpa,64
shimoga,202
shimron,3
shinde,3854
shine,68
shinsadong,1
shirt,157
shivam,39
shock,580
shocked,416
shocking,266
shoe,433
shoessneaker,5
shoot,165
shooting,557
shootout,85
shop,1501
short,1396
shot,1416
shout,29
showcase,229
showcased,128
showcasing,269
showdown,40
showed,1512
shower,261
shown,560
shraddha,38
shrapnel,8
shreyas,44
shri,1116
shroff,25
shrug,11
shubman,9
sibling,213
siddham,3
siddharth,130
sidelined,75
sidewall,2
sigh,32
sight,252
sign,967
signaling,48
significance,1071
significant,4325
signifies,28
sikkim,3656
silence,400
sim,141
similar,2046
simple,592
simplified,37
simply,240
sindhu,44
singer,262
singh,15548
singhsunil,1
single,2001
sinha,663
sip,16
siraj,22
siren,6
siruthai,3
sisodia,480
sister,2272
site,2403
sitharaman,460
sitting,1737
situation,4333
siva,75
sixth,752
size,418
sizing,1
skechers,7
skill,804
skin,281
skincare,17
skininspired,2
skipper,34
skunk,2
slackening,3
sleek,16
sleeper,110
sleuth,207
slight,184
slightly,456
slow,295
slowly,130
small,1400
smaller,338
smallest,30
smart,319
smashed,60
smiley,2
smooth,454
snail,14
snap,22
snapshot,18
sneak,23
sneaker,8
snow,87
snug,3
snuggling,2
soak,14
soared,91
social,5186
society,1992
soft,159
softly,4
softness,12
software,462
soil,471
solace,49
solar,445
soldier,930
sole,641
solely,235
solid,176
solidarity,293
solidified,15
solitary,53
solo,96
solution,1051
solved,93
somebody,98
somenmishra0,1
somnath,87
son,5092
sonakshi,9
sonbhadra,23
song,480
songwriter,9
sonymusicindia,1
soon,2595
sooner,42
soothing,12
sore,24
soren,1032
sought,2698
soul,238
sound,346
soundtrack,5
source,6503
south,4446
sowing,73
space,2377
span,255
spanning,416
spare,174
spared,184
sparked,682
sparsh,7
spasm,13
spasmodic,2
speak,854
speaker,1397
speaking,1251
speaks,356
spearheading,38
special,4218
specialist,223
specie,359
specific,979
spectacle,82
spectacular,50
spectrum,160
speculated,48
speculating,9
speculation,708
speech,1975
speed,1453
speedy,223
spell,419
spencer,9
spend,328
spending,343
spent,759
spill,31
spin,27
spinner,17
spirit,560
spiritual,460
spirituality,95
spoke,1169
spoken,305
spokesman,102
spokesperson,1824
sport,784
sporting,130
spot,2378
spotlighting,4
spotted,458
spouse,116
sprawling,46
spreading,645
squad,460
square,292
squeezed,6
squinting,2
sr,154
sreerampur,174
srh,162
srivastava,166
srk,23
st,1947
stabilise,53
stability,408
stabilize,18
stable,569
stadium,1026
staff,2402
stage,2117
staged,312
staggering,167
stand,2271
standard,1101
standing,826
standoff,120
standout,31
star,1040
starc,18
starrer,18
starring,58
start,1704
started,3961
starting,717
state,31660
stated,3582
statement,5933
stating,1417
station,7306
statistic,170
stats,11
statue,868
status,1923
stay,2066
staying,560
steel,422
stellar,28
stem,231
step,2539
stepping,143
steven,6
stiff,66
stock,861
stocking,49
stoinis,5
stoinisbowlers,1
stolen,337
stomach,191
stone,1114
stood,1132
stop,1744
stopped,1409
stopping,209
store,503
stored,181
story,879
straight,214
strain,209
strained,132
strategic,947
strategy,1027
streaming,72
stree,10
street,1355
strength,1019
strengthen,674
strengthening,445
stress,444
stressed,744
stressing,204
strict,720
strictly,213
stride,267
strike,1148
striking,158
striving,66
stroke,168
strong,2547
strongest,108
strongly,820
struck,566
structure,1439
struggle,763
struggled,200
struggling,371
sts,328
stubbs,6
studied,280
studio,65
study,2130
stuff,53
stumbled,46
stunt,125
style,219
subepithelial,1
subhash,619
subject,731
submit,840
submitted,2266
subordinate,86
subro,1
subscribe,28
subscriber,40
subsequent,469
subterranean,7
subtly,22
success,1038
successful,687
successfully,582
suchitra,28
sudarsan,8
sudden,460
suddenly,504
sudharsan,4
sudip,228
suffer,218
suffered,1473
suffering,502
sufficient,350
suggest,619
suggested,1022
suggesting,593
suggestion,477
suicide,1885
suit,431
suitable,265
sukumaran,15
sulphate,1
sum,300
summary,45
summer,707
summit,991
sunak,58
sundarbans,44
sunday,6331
sunil,617
sunrisers,42
sunset,40
super,322
superb,2
superior,69
supples,2
supply,1799
support,6416
supporter,948
supporting,591
supportive,81
supreme,3869
supremo,389
suraj,217
sure,611
surface,338
surfaced,429
surged,371
surgeon,200
surgery,895
surgical,152
suriya,15
surpass,37
surrender,323
surrounding,822
survey,2142
surya,533
suspect,2591
suspend,125
suspended,1008
suspicious,452
sustained,961
sustaining,79
sveep,6
swappable,2
sway,284
swayamsevak,89
swayed,30
swiftly,498
swing,139
switch,199
swollen,30
symbolises,27
symbolism,22
sympathy,181
symptom,482
sync,54
syngkon,7
synthetic,85
syria,72
systematic,95
t20,125
ta,28
taapsee,12
table,394
tackling,111
tactic,292
tactile,6
taha,10
tail,66
tailored,54
tainted,54
taken,7519
taking,4704
talent,323
taliban,86
talk,2139
talking,832
tally,508
talpade,5
tamannaah,34
tamil,4138
tamluk,377
tandem,35
tank,469
tanker,513
tapa,211
target,1397
targeted,1259
targeting,741
targetted,15
task,776
taskmaster,6
taurus,18
taxi,314
tba,64
tdp,765
teacher,1699
team,7310
teammate,8
tear,276
technical,892
technique,183
technological,226
technology,2397
tehran,23
tejashwi,392
tejasvi,222
tel,10
telangana,4933
telecom,218
televised,17
tell,1176
telling,306
telugu,408
temperature,2621
temple,4694
temporarily,204
tend,123
tendency,84
tender,755
tends,18
tenkeyless,2
tense,111
tension,796
tenure,1288
tepid,5
term,2876
termed,463
terrain,189
territory,901
terror,953
test,2555
testament,124
tested,333
tewatia,8
textile,390
texture,42
thakre,24
thakur,1374
thakurphilip,1
thankfully,48
thanks,341
theatrical,13
theme,339
themudra,1
theory,152
therapist,9
therapy,135
thermoplastic,6
thi,20
thing,1551
think,1986
thorn,7
thorough,512
thought,1146
threat,2967
threatens,80
thrill,26
thriller,39
thrilling,42
thrive,54
thriving,49
throat,361
throwback,41
thursday,6230
thwart,48
tick,23
ticket,2008
tide,121
tie,1360
tiger,852
tight,179
tihar,459
tijori,7
tilak,136
till,3665
tim,9
time,14958
timely,339
timing,430
tiniest,5
tiny,50
tip,147
tired,231
tirupati,603
tissue,73
titan,36
titled,232
tiwari,376
tkl,3
tmc,3231
tnn,668
today,4129
toi,3459
toilet,451
tokyo,83
told,8024
toll,978
tone,152
took,8250
topic,217
topley,5
topography,45
total,4068
totalling,90
touch,870
toughest,51
tour,388
tourism,953
tourist,877
tournament,194
town,1608
tr4,7
trace,444
track,1683
traction,86
trade,1132
trader,445
tradition,637
traditional,791
traditionally,184
tragically,122
trail,295
trailer,104
trailing,294
train,4061
trainer,92
training,1387
trait,39
trajectory,94
transfer,1418
transformation,185
transgender,118
transgenders,26
transient,10
transparent,238
transport,1593
transportability,1
travel,2053
traveler,56
travelled,366
traversed,28
travis,9
treat,775
treated,1032
treatment,2458
tree,1453
trek,104
trend,1095
trent,6
trial,1992
tribal,1141
tribe,365
tribute,412
trick,79
tried,2029
trigger,187
trillion,137
trinamool,1384
trio,184
trip,590
triptii,2
tripura,1652
tristan,6
trolling,42
troop,454
trot,18
truck,1513
true,730
trust,1954
truth,712
try,810
trying,1984
tuesday,6171
tuff,1
tumkur,191
tune,171
tura,22
turkish,38
turmoil,127
turn,1331
turned,1466
turnout,2538
tushar,307
tusshar,2
tv,733
tweet,436
tweeted,132
twice,510
twitter,448
type,495
typical,80
typically,301
typing,5
uavs,22
ucc,490
udaykumar,1
udhar,146
udp,6
udupi,250
ujjwala,24
uk,636
ukraine,692
ul,9
ultimate,106
ultimately,294
ultra,16
ultraportable,1
uluberia,185
umbrella,132
umesh,129
unable,758
unadkat,5
unavoidable,26
unbeaten,34
unbiased,18
unblemished,8
unclear,137
undergoing,640
undergone,147
underscored,306
underscoring,206
understand,1162
understanding,639
undertake,215
undertaken,290
underwater,65
underway,861
underweight,11
underwhelming,18
undoubtedly,63
undue,91
unearth,57
unemployment,780
uneven,42
unfold,202
unfolding,70
unfolds,35
unfortunate,445
unfortunately,759
unhappiness,22
unidentified,410
unified,147
uniform,539
uninterrupted,103
union,6882
unique,716
unit,2718
united,1371
university,2860
unknown,455
unless,377
unlike,359
unmatched,45
unnecessary,186
unparalleled,78
unperturbed,142
unprecedented,376
unrest,445
unscented,1
unsung,23
untimely,71
unturned,318
unusual,242
unveil,49
unveiled,357
unveiling,57
unwelcome,9
unwittingly,8
unyielding,9
upa,296
upadhyay,193
upadhyaya,28
upcoming,1882
update,710
updated,551
upgradation,30
upgrade,241
upgraded,139
uphill,35
upholds,34
uplift,40
upliftment,39
uppal,115
upper,501
upset,321
upto,73
urban,1542
urge,443
urged,2164
urgent,513
urgently,61
urging,838
usa,149
usage,187
usb,31
usd,89
use,3081
used,5670
user,941
using,2768
usual,254
utilized,38
utilizes,6
uttar,5188
uttara,220
uttarakhand,1929
vacancy,336
vacation,277
vacay,2
vadra,606
vaibhav,93
vain,92
vajpayee,349
valid,543
validity,253
value,1205
vande,366
vanlalhmangaiha,7
vanlalvena,22
varied,67
various,4799
varma,117
varsh,1
varun,151
varying,86
vashu,1
vast,249
vastness,6
vc,141
veer,137
vegan,8
vehicle,5074
venkatesh,90
venture,275
ventured,72
venue,588
vera,14
verdict,725
verified,266
vermi,3
versatile,55
versatility,23
version,400
vessel,476
vfx,5
vhf,14
vi,92
vibrant,214
vibrate,2
vicky,126
victim,4678
victorious,702
victory,3050
vidarbha,170
video,5381
vidya,98
vie,34
view,4693
viewer,79
viewing,71
vigilant,186
vijay,920
vijayasai,52
vijayawada,475
vikas,920
viksit,293
vila,452
village,4717
villiers,2
vincent,9
vinyl,3
violating,282
violative,52
violence,2340
viral,999
virat,39
virgin,10
virgo,17
virtual,196
visa,1053
visakhapatnam,297
visheshwara,2
vishnu,251
vishwas,96
vision,1097
visit,4299
visited,1885
vistara,101
vital,402
vitalease,2
vitamin,57
vivek,271
vivid,16
vocal,144
vodafone,11
voice,1152
voltisshoes,5
volume,209
volunteer,670
vote,11937
voter,6119
voting,3825
vowed,157
vpp,4
vulnerable,412
vyas,181
vying,484
wage,230
wait,660
waive,58
waiver,263
wala,67
walking,431
wall,741
wankhede,148
want,5112
war,1234
warfare,177
warhead,63
warm,240
warmer,48
warmth,83
warned,793
warner,13
warning,958
warns,86
warranty,64
warrior,96
washing,151
washington,236
watan,6
watch,743
watched,146
watching,447
water,6604
watson,3
wave,685
waving,93
way,4389
weapon,1070
wear,492
weather,1378
wedding,662
wedge,20
wednesday,6475
week,3902
weekend,379
weight,456
welcomed,398
welfare,2040
went,4452
west,6605
western,1037
wet,139
whatsoever,521
whereabouts,185
white,693
wicket,98
wicketkeepers,3
widely,366
wider,145
willing,229
willow,3
win,3768
window,457
wing,705
wingard,1
winner,815
winning,2293
wipe,76
wired,18
wireless,37
wish,718
wished,177
wishing,51
withdrew,288
witness,1611
witnessed,1382
witnessing,259
wk,7
wkts,4
wo,577
woe,90
woman,13020
wonder,141
wood,123
wooing,31
word,1382
work,8930
worker,3690
workforce,216
working,3877
workload,72
workout,43
workshop,229
world,5217
worldwide,195
worried,330
worry,240
worth,1573
worthless,12
wounded,175
wrap,48
wriddhiman,3
wrinkle,14
wrist,115
wrote,1853
x1,2
xi,249
xt,6
yadav,3806
yadavindra,9
yash,72
yashasvi,8
yatras,29
year,22139
yearly,46
yellow,372
yemen,49
yen,14
yes,391
yesterday,315
yojana,1010
york,363
yoshino,1
young,1706
youngster,342
youth,2760
ysrcp,493
yudhvir,10
yugal,2
yusuf,237
yuva,66
yuzvendra,12
zafar,45
zebronics,4
zenith,11
zero,579
zionist,2
zodiac,48
zone,1566
zoom,11
zoram,19
zpm,19
